{
  "controller/View1.controller.js": 1720351993943,
  "controller/App.controller.js": 1720334346540,
  "i18n/i18n.properties": 1720334346536,
  "model/models.js": 1720334346540,
  "manifest.json": 1720352163305,
  "Component.js": 1720334346524,
  "Component-dbg.js": 1720334346524,
  "Component.js.map": 1720352163436,
  "controller/View1-dbg.controller.js": 1720351993943,
  "controller/View1.controller.js.map": 1720352163446,
  "model/models-dbg.js": 1720334346540,
  "model/models.js.map": 1720352163441,
  "controller/App-dbg.controller.js": 1720334346540,
  "controller/App.controller.js.map": 1720352163455,
  "Component-preload.js": 1720352163546,
  "Component-preload.js.map": 1720352163546,
  "view/View1.view.xml": 1720334346544,
  "view/App.view.xml": 1720334346540,
  "css/style.css": 1720334346540,
  "index.html": 1720334346524
}