{
  "Component-preload.js": 1720682207428,
  "controller/App.controller.js": 1720678562898,
  "controller/View1.controller.js": 1720681187579,
  "model/models.js": 1720678562898,
  "manifest.json": 1720682206110,
  "Component.js": 1720678562898,
  "Component-dbg.js": 1720678562898,
  "Component.js.map": 1720682206397,
  "controller/View1-dbg.controller.js": 1720681187579,
  "controller/View1.controller.js.map": 1720682206401,
  "model/models-dbg.js": 1720678562898,
  "model/models.js.map": 1720682206394,
  "controller/App-dbg.controller.js": 1720678562898,
  "controller/App.controller.js.map": 1720682206394,
  "i18n/i18n.properties": 1720678562898,
  "Component-preload.js.map": 1720682207429,
  "view/View1.view.xml": 1720681426137,
  "view/App.view.xml": 1720678562898,
  "css/style.css": 1720678562898,
  "index.html": 1720678562898
}