{
  "model/models.js.map": 1720683178237,
  "manifest.json": 1720683177895,
  "controller/View1.controller.js": 1720682754036,
  "controller/App.controller.js": 1720678562898,
  "model/models.js": 1720678562898,
  "Component.js": 1720678562898,
  "Component-dbg.js": 1720678562898,
  "Component.js.map": 1720683178240,
  "controller/App-dbg.controller.js": 1720678562898,
  "controller/App.controller.js.map": 1720683178240,
  "model/models-dbg.js": 1720678562898,
  "i18n/i18n.properties": 1720678562898,
  "controller/View1-dbg.controller.js": 1720682754036,
  "controller/View1.controller.js.map": 1720683178266,
  "Component-preload.js": 1720683179053,
  "Component-preload.js.map": 1720683179053,
  "view/View1.view.xml": 1720681426137,
  "view/App.view.xml": 1720678562898,
  "css/style.css": 1720678562898,
  "index.html": 1720678562898
}