{
  "controller/View1-dbg.controller.js": 1721464180824,
  "Component.js": 1720678562898,
  "controller/View1.controller.js": 1721464180824,
  "controller/App.controller.js": 1720678562898,
  "manifest.json": 1721464260334,
  "model/models.js": 1720678562898,
  "controller/App-dbg.controller.js": 1720678562898,
  "controller/App.controller.js.map": 1721464260502,
  "i18n/i18n.properties": 1720678562898,
  "controller/View1.controller.js.map": 1721464260517,
  "Component-dbg.js": 1720678562898,
  "Component.js.map": 1721464260511,
  "model/models-dbg.js": 1720678562898,
  "model/models.js.map": 1721464260503,
  "Component-preload.js": 1721464260723,
  "Component-preload.js.map": 1721464260723,
  "view/View1.view.xml": 1720681426137,
  "view/App.view.xml": 1720678562898,
  "css/style.css": 1720678562898,
  "index.html": 1720678562898
}