{
  "manifest.json": 1721464256684,
  "i18n/i18n.properties": 1720678562902,
  "utils/locate-reuse-libs.js": 1720678562902,
  "model/models.js": 1720678562902,
  "controller/MyTaskUI.controller.js": 1720678562902,
  "controller/App.controller.js": 1720678562902,
  "Component.js": 1720678562902,
  "Component-preload.js": 1721464257011,
  "model/models-dbg.js": 1720678562902,
  "utils/locate-reuse-libs-dbg.js": 1720678562902,
  "controller/MyTaskUI-dbg.controller.js": 1720678562902,
  "controller/App-dbg.controller.js": 1720678562902,
  "Component-dbg.js": 1720678562902,
  "view/MyTaskUI.view.xml": 1720678562902,
  "view/App.view.xml": 1720678562902,
  "css/style.css": 1720678562902,
  "index.html": 1720678562902
}