{
  "controller/App.controller.js": 1720240217515,
  "model/models.js": 1720240217511,
  "utils/locate-reuse-libs.js": 1720240217511,
  "manifest.json": 1720352161035,
  "controller/MyTaskUI.controller.js": 1720240217519,
  "i18n/i18n.properties": 1720240217511,
  "Component.js": 1720240242715,
  "Component-preload.js": 1720352161178,
  "controller/MyTaskUI-dbg.controller.js": 1720240217519,
  "model/models-dbg.js": 1720240217511,
  "utils/locate-reuse-libs-dbg.js": 1720240217511,
  "controller/App-dbg.controller.js": 1720240217515,
  "Component-dbg.js": 1720240242715,
  "view/MyTaskUI.view.xml": 1720240309334,
  "view/App.view.xml": 1720240217515,
  "css/style.css": 1720240217515,
  "index.html": 1720240217507
}